user_id,username,country,join_date,email,user_rating,items_sold,items_bought
1,thomasjohn,AU,2022-03-18,laurenrowe@hotmail.com,4.0,12,34
2,caseykathryn,US,2023-01-26,kreyes@hotmail.com,4.0,5,39
3,lperez,CA,2024-06-08,fberger@hotmail.com,4.3,19,23
4,davidsonchris,AU,2023-08-16,daybrandon@roberts-davis.com,4.0,15,5
5,thomasmaldonado,UK,2023-01-31,thomashamilton@ward.info,4.5,17,16
6,kbarnes,AU,2024-02-12,jeffrey52@thompson-mosley.com,4.8,7,40
7,kcox,CA,2023-07-15,richard87@brooks-brown.com,4.5,41,7
8,arobbins,CA,2023-07-06,matthew71@yahoo.com,4.9,36,30
9,dominiqueellis,AU,2023-02-01,harrisonmeghan@yahoo.com,4.4,3,14
10,floresheather,US,2023-09-07,hamiltonallen@hotmail.com,4.1,3,37
11,qpatterson,AU,2023-12-29,nancyjenkins@gmail.com,4.6,13,5
12,zsanchez,AU,2022-11-01,knightpatricia@mcknight.com,5.0,2,2
13,pmays,US,2024-06-18,owilson@yahoo.com,4.1,15,48
14,mvega,AU,2023-07-24,fieldscameron@hotmail.com,4.8,27,48
15,jonesdenise,AU,2022-01-25,brittanyeaton@miller.com,4.0,44,44
16,elang,US,2023-09-16,nicholas40@dennis-jackson.com,4.4,4,43
17,laura48,CA,2022-03-09,matthew02@parsons-smith.net,4.8,7,23
18,matthewcampos,AU,2022-02-08,martha54@gmail.com,4.1,3,12
19,allison42,US,2022-07-12,ffernandez@delgado.org,4.5,31,5
20,ryanbrown,UK,2024-07-31,howellrachel@yahoo.com,4.3,43,46
21,kelly85,CA,2022-06-03,alexander87@yahoo.com,4.4,21,14
22,tanya88,UK,2022-12-28,jessicasimmons@hurst-webb.com,4.8,15,50
23,lisaduncan,UK,2022-11-22,nfloyd@gmail.com,4.6,11,47
24,jenkinsalexandria,CA,2022-10-07,albertjohnson@vazquez.org,4.9,37,35
25,samanthareese,AU,2023-01-25,justin78@chen.net,4.1,48,35
26,johnnybrown,CA,2022-12-03,gutierrezjohn@yahoo.com,4.3,1,23
27,choffman,AU,2022-02-02,ybarnett@yahoo.com,4.3,29,17
28,daniel94,AU,2023-02-02,brittanyduncan@gmail.com,4.6,17,43
29,marissabrown,AU,2022-05-30,rwilliams@hotmail.com,4.7,6,11
30,fordrichard,CA,2024-03-24,gjones@gmail.com,4.9,20,50
31,matthew19,US,2023-09-15,jamesarcher@gmail.com,4.5,25,43
32,blee,CA,2024-08-18,stevengibson@espinoza.com,4.4,18,11
33,williamserin,CA,2024-10-17,potterdavid@noble-patterson.com,4.6,37,25
34,justinmcmahon,UK,2023-07-29,tammy26@greene.info,4.5,5,30
35,ellisgary,UK,2024-10-01,jordanmargaret@hotmail.com,4.5,4,11
36,fitzpatrickjesus,US,2024-05-02,jacobalvarez@harper-chapman.com,4.7,11,20
37,jcalhoun,US,2023-02-16,gomezzachary@brewer.biz,4.8,43,7
38,xayala,US,2022-01-14,xlee@yahoo.com,4.8,17,28
39,kjones,US,2023-03-24,marcthomas@holloway-ryan.com,4.8,9,27
40,xkirby,US,2021-12-31,jgarcia@williams.com,4.3,2,6
41,charles49,CA,2024-09-14,hardyjames@yahoo.com,4.1,37,42
42,ethansmith,UK,2022-10-14,kellyhouston@hill.biz,4.9,22,24
43,greg74,CA,2023-03-02,phillipstammy@yahoo.com,4.4,48,41
44,erose,AU,2022-11-11,david24@yahoo.com,4.1,34,17
45,samuelwood,US,2022-05-15,brianweiss@boyer.com,4.5,45,46
46,dylanjames,AU,2022-09-04,fweber@hotmail.com,4.2,46,20
47,andersondevin,AU,2022-12-11,nicole43@ellison-wells.org,4.3,30,12
48,chasevaughn,US,2023-04-10,fernandezcatherine@gmail.com,4.7,21,16
49,powersdevin,AU,2022-12-14,amy14@townsend-costa.biz,4.9,33,7
50,matthewjones,CA,2022-10-26,francisco86@rice.org,4.1,48,27
51,mooredawn,UK,2022-09-29,alexanderricky@gordon.com,4.2,32,30
52,vdelgado,US,2022-02-09,gonzalezjoshua@gmail.com,4.6,9,16
53,fcox,CA,2022-01-26,brittanycontreras@sullivan.com,4.2,23,5
54,sandra20,UK,2021-11-14,danielnicholas@gmail.com,4.6,50,8
55,vholland,US,2023-04-23,hughesstephen@white-park.org,4.2,13,44
56,jamesjackson,UK,2024-03-22,iwilliams@neal-williams.biz,4.0,33,20
57,ygilmore,AU,2023-04-02,thomassolomon@austin.info,4.5,37,47
58,monica34,UK,2024-11-05,josephgilbert@gmail.com,4.4,27,19
59,terry41,US,2022-01-22,wolfadam@yahoo.com,4.4,15,19
60,mindy18,US,2022-09-08,goodyvonne@yahoo.com,4.3,9,35
61,thomasobrien,UK,2022-07-12,vcisneros@norris.com,4.3,47,8
62,fhayes,UK,2024-08-10,rebecca39@hotmail.com,4.7,8,12
63,wendy40,CA,2022-07-05,ashleyweaver@black.net,4.7,31,3
64,smithbrian,AU,2023-03-02,bondjack@hernandez.com,4.6,14,41
65,zpatel,US,2023-01-04,howardnicole@yahoo.com,4.2,14,6
66,patrickhouston,CA,2022-04-20,vanessa39@yahoo.com,4.5,29,32
67,etaylor,UK,2024-05-22,rojasmichael@lynn.org,4.6,21,45
68,guzmanjamie,US,2022-06-11,angela42@hotmail.com,4.0,27,4
69,michael11,AU,2022-12-22,daryl87@gmail.com,4.2,3,30
70,frederick38,CA,2022-03-13,ydavis@ellison.org,4.0,26,21
71,rebeccahampton,AU,2023-10-22,qscott@yahoo.com,4.5,29,37
72,melissadorsey,UK,2023-09-07,garciajoyce@matthews.com,4.2,41,1
73,zwilliams,AU,2024-07-27,barnettmichael@hotmail.com,4.9,44,40
74,katelynadams,AU,2024-10-05,jennifer67@case.biz,4.8,12,44
75,kelli12,UK,2024-02-01,davispeter@gmail.com,4.7,5,20
76,marcus51,US,2023-03-10,brandi28@hughes.net,4.1,8,45
77,arthurellis,AU,2022-05-03,jbaker@yahoo.com,4.8,5,22
78,murphylarry,UK,2022-03-28,ghenson@hotmail.com,4.0,17,44
79,evan65,AU,2021-11-13,derekjohnson@cannon.com,4.9,13,25
80,travis59,CA,2022-10-13,krystal46@scott-byrd.biz,5.0,28,46
81,smills,US,2023-11-09,brios@yahoo.com,4.7,48,38
82,taylormiller,UK,2021-11-25,randy24@yahoo.com,4.1,23,26
83,ltorres,AU,2023-08-09,ubeltran@hunt.com,4.1,28,30
84,cory65,AU,2023-02-18,fullerdeborah@holt.info,4.7,19,1
85,scott43,US,2022-12-18,thale@coleman.com,4.0,29,6
86,robinsongregory,UK,2022-10-10,zyoung@schroeder.biz,4.6,21,42
87,matthewfranklin,US,2024-10-28,taylormark@yahoo.com,4.6,13,47
88,holtnicholas,AU,2022-01-03,orichards@hotmail.com,4.0,9,41
89,willie35,US,2024-10-08,danielneal@calderon.info,4.4,30,3
90,dianamartin,CA,2023-08-09,cdecker@watson.net,4.4,40,39
91,ystevens,US,2023-11-18,nobleannette@mills-campbell.org,5.0,4,2
92,fbond,CA,2022-12-05,justingonzalez@cobb.com,4.3,5,28
93,jperez,CA,2023-03-07,kaufmanwilliam@yahoo.com,4.9,47,25
94,mortega,CA,2024-01-04,stevenmeadows@chavez.com,4.4,37,32
95,smurphy,CA,2024-02-18,angela79@hotmail.com,4.1,20,22
96,dwilkins,CA,2024-07-22,jeffrey48@martinez-wise.com,4.1,7,28
97,kelliehall,UK,2023-12-19,thomasmathews@gmail.com,4.8,21,17
98,melissa14,US,2023-12-15,kimberlymcguire@hotmail.com,4.1,23,34
99,angelacarroll,US,2023-01-13,raymond88@burke-bennett.com,4.0,33,27
100,kimberly05,CA,2022-10-01,danielle42@gmail.com,4.1,3,10
101,xball,UK,2023-05-08,michaelbrown@johnson.net,5.0,20,26
102,nsmith,CA,2023-12-16,gregoryharris@hotmail.com,4.6,4,49
103,colinjohnson,UK,2023-05-13,moralesrachel@burns.net,4.2,28,7
104,campbellrenee,UK,2024-08-29,shawnbrennan@ellis-nguyen.info,4.1,24,16
105,lewislindsey,US,2024-03-26,msmith@johnson.net,4.1,9,1
106,jodiross,CA,2022-07-03,hgrant@hotmail.com,4.6,12,11
107,jessicabass,UK,2022-05-31,rachel26@hotmail.com,4.8,25,41
108,estradamichael,UK,2022-05-30,qross@gmail.com,4.4,44,26
109,christinemoore,AU,2021-11-24,wendy84@moses.com,4.8,19,2
110,john65,US,2024-02-29,michaelwhite@hotmail.com,4.7,46,36
111,vgreen,AU,2022-10-10,howardthomas@yahoo.com,4.5,46,16
112,megan97,CA,2023-03-12,thomaswilliam@owen.net,4.2,14,16
113,stephanie82,US,2023-09-16,dharrison@gmail.com,4.6,26,47
114,kimberlytaylor,AU,2022-09-12,lynnadrian@hotmail.com,4.1,19,49
115,rjones,UK,2023-06-28,carolynjohnson@hotmail.com,4.5,19,20
116,tammy30,US,2023-10-26,brooksclarence@yahoo.com,4.9,36,22
117,samantha97,US,2021-12-04,smithraymond@gmail.com,4.6,2,4
118,kristinharris,UK,2022-09-10,cperez@reid.biz,4.3,18,23
119,robert90,US,2023-12-20,benjaminowens@gmail.com,4.9,16,2
120,rodrigueztodd,CA,2023-01-15,walter96@johnson-morris.biz,4.0,40,15
121,amy32,CA,2023-10-10,kimberly94@yahoo.com,4.6,4,21
122,morrisjulie,AU,2022-07-14,davidkelly@wolfe.info,4.4,16,23
123,melissa91,CA,2024-04-25,nicholas87@strong.com,4.3,26,19
124,marypadilla,US,2024-04-29,kevin25@gmail.com,4.2,37,48
125,browndylan,AU,2022-06-14,barbara97@gmail.com,4.1,17,15
126,khoward,AU,2023-04-07,beth85@hotmail.com,4.2,38,38
127,daniel64,UK,2023-11-08,scott73@yahoo.com,4.7,41,13
128,amberlong,CA,2023-08-07,brownheather@yahoo.com,4.9,38,43
129,dennislee,US,2023-11-25,molly91@white-curtis.com,4.9,36,9
130,courtneydavis,CA,2022-02-06,mary61@davis.com,4.8,2,36
131,jaredhayes,CA,2021-11-15,amanda68@gmail.com,4.6,37,44
132,kristipratt,AU,2024-09-18,christophermiller@hotmail.com,4.5,36,1
133,karen34,CA,2024-08-17,kenneth62@yahoo.com,4.7,19,32
134,dgreen,CA,2022-10-04,vwalker@yahoo.com,4.8,15,21
135,stefaniekim,AU,2023-05-08,jonesashley@gmail.com,4.0,8,29
136,williamlewis,CA,2023-07-25,ana95@yahoo.com,4.6,36,42
137,brandi23,CA,2024-10-03,sara13@gmail.com,4.5,18,34
138,patriciaroberts,CA,2023-01-12,joseph47@gmail.com,4.5,50,33
139,stevenlewis,AU,2023-06-17,daniel30@mckay.com,4.6,12,12
140,juareznicholas,UK,2024-02-10,anthony13@gmail.com,4.2,29,48
141,adamkim,CA,2022-09-02,hbriggs@miller.org,4.9,28,1
142,nguyendavid,US,2024-06-13,christina95@hotmail.com,4.9,3,35
143,barbaraschmidt,AU,2023-08-10,seanprice@hotmail.com,4.4,13,2
144,anthonymartin,CA,2024-01-07,ajackson@hotmail.com,4.4,21,45
145,tuckerjoseph,US,2024-10-04,sue07@hotmail.com,4.6,21,45
146,wolfdestiny,CA,2024-06-22,astone@daniels-wells.com,4.2,21,45
147,thompsontroy,US,2021-12-29,maciasadam@hughes-scott.biz,4.8,4,24
148,parkerrobert,CA,2022-07-09,smithdeborah@cobb-craig.com,4.5,32,46
149,uharrison,AU,2022-05-18,dawsonanthony@yahoo.com,4.6,12,1
150,mitchellgates,CA,2024-01-02,ortegarebecca@thomas.biz,4.3,3,3
151,sarahrosario,US,2023-08-08,barkerjames@bush-ortiz.com,4.2,28,50
152,derrick26,US,2023-09-03,ovaldez@cuevas.com,4.4,49,12
153,pamela74,UK,2021-12-29,vkirby@hotmail.com,5.0,28,23
154,qgonzalez,UK,2024-10-31,jonathanowens@hotmail.com,4.4,36,9
155,rlee,US,2023-07-26,williamhill@austin.com,4.1,20,10
156,carollee,US,2022-05-12,jferguson@long-gonzalez.com,4.1,5,45
157,carlamack,CA,2024-01-28,choigary@ross.com,4.7,24,6
158,amcguire,UK,2024-07-31,stephanienelson@gmail.com,4.6,13,31
159,byrdjeffery,UK,2022-06-21,evan40@gmail.com,4.6,23,40
160,zclay,CA,2023-10-17,ybrown@king-wilson.org,4.3,22,32
161,taylorsmith,CA,2024-08-28,perezsteven@baker.org,4.1,35,16
162,ashley80,UK,2023-03-11,tarmstrong@gmail.com,4.2,6,32
163,bmcdowell,UK,2023-01-26,derek13@hotmail.com,4.5,16,29
164,amandawilliamson,US,2023-10-18,allenrobert@hotmail.com,4.6,24,23
165,singhcarolyn,UK,2023-02-11,jamesberg@yahoo.com,4.6,28,49
166,uwilliams,AU,2024-10-25,garciajennifer@bartlett-taylor.com,5.0,46,27
167,allisonchristopher,AU,2024-08-11,megan50@salinas-ruiz.com,4.3,32,19
168,charlespeck,AU,2022-07-30,nicholsbrandon@kelly-murphy.com,4.4,7,23
169,jennifer43,CA,2024-09-16,deborah77@gmail.com,4.2,7,14
170,parkamy,UK,2022-04-15,bethschmidt@gonzales.com,4.9,18,49
171,jamesmurphy,UK,2022-10-02,bennettalan@atkinson-olsen.com,4.4,10,5
172,ryanthomas,AU,2023-12-18,keith80@dorsey.com,4.6,38,23
173,helengraham,AU,2022-09-04,sara54@davis.com,4.6,38,29
174,phillipsjessica,US,2022-01-17,james76@cunningham.com,4.9,23,14
175,gloverwilliam,AU,2024-10-13,szimmerman@byrd.com,4.3,25,31
176,robert19,AU,2022-01-31,pjackson@hotmail.com,4.7,9,40
177,john66,CA,2023-03-27,ngrant@ellis-roberts.com,4.7,43,18
178,christinajones,CA,2024-09-30,colenicole@gmail.com,4.1,13,21
179,tannerjoseph,AU,2023-03-10,ethompson@hotmail.com,4.5,27,3
180,cody75,US,2021-11-14,gomezkevin@gmail.com,4.3,40,26
181,sscott,AU,2023-06-22,iduran@hotmail.com,4.4,42,28
182,pamelawright,UK,2022-09-25,diana87@harrison-jackson.biz,4.2,3,25
183,nathaniel45,US,2022-03-09,erinsmith@gmail.com,4.8,28,27
184,robleskayla,AU,2024-10-31,erin85@yahoo.com,5.0,9,38
185,fostervanessa,UK,2021-12-16,zfreeman@johnson.net,4.6,42,10
186,margaret30,US,2022-01-26,jdavis@olsen.com,4.8,25,35
187,penatravis,AU,2023-09-30,nicoleclark@gmail.com,4.5,50,3
188,pday,US,2023-07-26,trevor34@reed-banks.biz,4.3,37,20
189,rblack,AU,2023-12-14,dawn75@gmail.com,4.2,31,40
190,randy09,US,2022-07-28,alvarezhayley@moss.org,4.2,10,37
191,cody92,AU,2024-03-20,jrivera@yahoo.com,4.5,32,38
192,tamara10,UK,2024-08-12,benjaminhunter@hotmail.com,4.9,15,4
193,harrybarnes,CA,2022-03-16,chapmanlori@hester.com,4.4,11,42
194,vargasashley,AU,2023-12-19,morgananderson@jones.org,4.8,44,34
195,ylucas,AU,2023-01-04,nedwards@rogers-woodard.biz,4.6,17,25
196,parkjames,AU,2023-11-02,adamsmelissa@yahoo.com,5.0,18,46
197,johnsonjudith,UK,2023-04-25,daniel28@norman.com,4.5,48,27
198,austinlorraine,CA,2022-09-17,christopherwise@ortiz-douglas.org,4.9,22,38
199,jameskim,UK,2024-03-10,corey69@gmail.com,4.8,37,14
200,solisrebekah,CA,2023-10-27,lmckenzie@white-mccarty.com,4.8,26,23
201,philip69,CA,2023-07-11,jessica96@yahoo.com,4.8,18,31
202,jamesboyd,UK,2023-03-31,harrisonjacob@yahoo.com,4.9,14,12
203,carolyn10,AU,2024-01-27,peter79@greene.com,5.0,48,37
204,michaelmann,AU,2023-11-03,kristin79@hotmail.com,5.0,18,22
205,collinskimberly,CA,2023-09-24,barnettjoshua@ramirez.info,4.3,36,36
206,rebeccaadams,UK,2022-11-16,johnmcmillan@gmail.com,4.8,20,33
207,jenniferpaul,CA,2024-01-29,cameron81@yahoo.com,4.5,5,14
208,davismatthew,US,2022-04-21,wendyberger@gmail.com,4.8,20,42
209,sarah57,US,2023-12-30,stacy70@phillips.com,4.9,41,1
210,ethan95,UK,2021-11-26,ahall@gmail.com,4.1,32,17
211,amanda50,UK,2022-12-12,ojackson@hotmail.com,4.4,24,50
212,gbrown,CA,2023-05-15,xsanchez@williams.com,4.1,12,8
213,whitecharles,US,2021-12-20,iduncan@lopez.com,4.1,27,1
214,batesalyssa,AU,2022-06-26,hornmatthew@hotmail.com,4.2,3,24
215,jennifer25,UK,2024-07-25,raymondmiller@yahoo.com,4.6,42,2
216,wrightmichael,AU,2023-09-06,turnermatthew@walsh-walters.com,4.3,50,46
217,brian76,CA,2024-09-19,johnsonbrian@hotmail.com,4.1,22,10
218,fowlerhaley,US,2022-08-05,rebeccafuentes@davis-johnson.net,4.5,24,44
219,kimberlyhogan,US,2024-04-03,kramerdustin@yahoo.com,4.1,27,17
220,pjackson,UK,2024-02-11,sheltonreginald@cook.com,4.5,45,32
221,ochoanicholas,CA,2022-01-05,faithjacobs@leonard.net,4.5,11,45
222,paulcole,US,2023-12-28,mary95@pope-watkins.com,4.8,41,6
223,christopherpatel,CA,2023-06-29,david94@yahoo.com,4.8,23,13
224,jessica93,US,2022-04-19,wmartinez@rosales.com,4.2,42,31
225,david50,UK,2022-12-21,lthomas@thompson.com,4.3,11,4
226,kelly09,AU,2024-05-18,jadams@perry.org,4.8,40,10
227,zhendrix,AU,2024-03-12,jason68@moon-nelson.org,4.2,4,45
228,jeanettecarson,UK,2024-09-21,elawson@yahoo.com,4.0,48,2
229,kevingreen,UK,2024-07-06,yateserin@hotmail.com,4.1,13,17
230,ashleygibbs,UK,2021-12-13,oneal@miller-summers.biz,4.3,39,30
231,natalie96,UK,2022-10-18,olsonalexandra@warner.com,5.0,50,9
232,mandylee,CA,2022-04-25,staceymcclure@bender.com,4.7,13,27
233,farleymary,US,2022-03-27,ramirezjoseph@knight.com,4.5,19,28
234,sparksrichard,UK,2023-03-31,bellrebecca@gmail.com,4.6,40,36
235,bradleyzimmerman,US,2022-05-04,kimberly38@gmail.com,4.0,35,10
236,wilsonmarc,AU,2022-07-15,william52@buckley.info,4.3,3,38
237,boydjames,AU,2024-05-31,angelamaxwell@yahoo.com,4.1,10,42
238,mlynch,CA,2022-08-06,watsonmatthew@yahoo.com,4.3,22,13
239,dylanperry,CA,2022-12-14,michele66@hotmail.com,4.6,1,30
240,lisadavis,CA,2024-10-19,johnsonjeffery@mcgee-smith.org,4.7,27,16
241,victoriavargas,UK,2024-03-23,conraddeborah@sanchez-thomas.com,4.4,44,29
242,tyler55,CA,2022-02-03,ryanfox@hotmail.com,4.4,43,2
243,jeffrey67,AU,2024-08-20,margaret78@mcintosh.com,4.9,27,6
244,taylorpatterson,CA,2022-03-20,bryantjeffery@meyer.info,4.2,29,22
245,jason88,US,2023-04-09,wcruz@fields.com,4.3,36,48
246,nelsonjessica,UK,2024-07-17,zmiller@williams.biz,4.3,40,44
247,flynnandrea,CA,2023-02-16,lewisjames@adams.com,4.4,1,11
248,schultzjames,US,2024-02-01,qlopez@yahoo.com,4.4,19,24
249,ophillips,US,2024-10-13,susan42@snyder.biz,4.2,19,38
250,sydney03,UK,2023-04-12,bphillips@hickman.com,4.7,49,33
251,hursterin,US,2022-07-23,christinasmith@cain.com,4.4,30,9
252,troyhunter,US,2023-10-19,framirez@west.com,4.0,28,15
253,rschultz,AU,2024-06-19,linda20@yahoo.com,4.9,43,48
254,leeshelby,CA,2022-09-03,omartinez@bennett-lopez.com,4.8,46,43
255,phamjennifer,UK,2022-12-25,james63@thomas-bowman.com,4.1,23,7
256,rebecca80,CA,2022-06-14,jennifer59@miller.info,4.3,15,46
257,rmorgan,UK,2024-06-01,jmyers@yahoo.com,4.5,3,49
258,tyler90,US,2024-07-23,samanthabaker@levy-jenkins.org,4.6,32,13
259,erica54,CA,2024-07-06,gilbert46@green.net,4.4,14,5
260,fzimmerman,US,2023-08-06,parrishjeffrey@tran.biz,4.2,38,32
261,gregory71,UK,2022-08-17,wsanchez@griffin.com,4.6,26,24
262,waltonmichael,UK,2023-02-20,felicia47@moore.net,4.3,10,30
263,carrie06,UK,2024-10-13,vcoleman@dunn-jones.com,4.9,36,23
264,stephaniehawkins,US,2023-06-16,hvalentine@hotmail.com,4.1,38,36
265,matthew37,UK,2023-10-08,aimee25@hotmail.com,4.8,11,50
266,tyler08,UK,2024-10-17,tallen@abbott.biz,4.2,50,17
267,wallen,UK,2023-06-13,garnerjustin@yahoo.com,4.9,33,34
268,figueroamichael,US,2024-10-20,lewisshari@yahoo.com,4.8,34,20
269,brownphilip,UK,2024-03-13,justin68@martin.biz,4.2,9,32
270,codygood,CA,2024-02-03,kaylatate@warren-riley.com,4.5,35,18
271,zhines,CA,2021-12-18,april49@yahoo.com,4.0,32,23
272,murphyryan,CA,2023-07-14,uharris@yahoo.com,4.1,46,27
273,smithjoyce,CA,2024-05-23,thomascampos@adams.com,4.2,24,14
274,emcgee,AU,2024-08-30,myerskendra@byrd-davis.info,4.3,25,23
275,xjames,CA,2023-08-30,thorntonjonathan@gmail.com,4.3,21,40
276,wbarnes,US,2022-08-26,mullenmark@johns-boyd.net,4.7,46,19
277,econtreras,AU,2023-09-01,mark22@hotmail.com,4.3,41,22
278,daviddavis,UK,2022-08-20,robertgeorge@yahoo.com,5.0,19,4
279,donnaflores,UK,2023-12-15,hannahpratt@gmail.com,4.3,18,46
280,hquinn,AU,2024-07-19,maria33@gmail.com,4.5,49,45
281,saraharris,US,2022-07-03,pjones@yahoo.com,4.9,50,35
282,jackie65,US,2024-05-09,briana55@williams.org,4.9,21,1
283,billylawson,US,2024-11-04,mmoran@hotmail.com,4.2,3,29
284,charlesmills,AU,2023-12-07,davidfrazier@hotmail.com,4.4,21,7
285,gonzalezjay,UK,2024-03-03,francisco52@gardner-cunningham.com,4.1,44,8
286,pbarnes,AU,2023-08-16,matthewsterry@gonzales.com,4.7,2,32
287,katrina32,CA,2023-11-18,gparker@wilson.biz,4.0,9,34
288,chloe05,US,2024-03-23,medinakevin@hotmail.com,4.3,40,15
289,kbrady,CA,2022-09-14,peterwhite@hendricks.biz,4.2,20,14
290,thomaswilliams,AU,2023-06-05,gallowayantonio@yahoo.com,4.2,7,16
291,alyssavelasquez,CA,2022-10-04,fobrien@walker.org,4.7,21,27
292,lschroeder,UK,2024-03-18,dana58@hines.org,4.6,9,33
293,salazarsteven,AU,2021-11-27,haydenmanuel@savage.com,4.4,18,43
294,zachary97,UK,2022-01-23,uwilson@yahoo.com,4.6,1,32
295,zedwards,US,2024-05-03,angela13@scott.biz,5.0,18,10
296,ariana58,AU,2024-06-25,jacob95@yahoo.com,4.3,45,16
297,rileyochoa,US,2023-05-12,ymckenzie@yahoo.com,4.1,45,16
298,jonathan52,US,2023-09-28,richard93@gmail.com,4.3,28,21
299,jenniferray,UK,2024-06-15,jamespace@hotmail.com,4.3,3,50
300,johnsonjason,US,2021-11-25,chadmcdonald@gmail.com,4.0,41,8
301,zlong,CA,2024-06-25,kimdominique@gmail.com,4.2,15,23
302,dharmon,CA,2024-05-18,ulopez@hotmail.com,4.9,16,15
303,mlane,US,2023-10-13,jeffrey91@white-mcconnell.info,4.8,23,41
304,johnsondean,CA,2024-06-30,abright@wilkins.com,4.7,31,18
305,crystalscott,AU,2023-12-08,beth77@hotmail.com,4.2,3,2
306,cherylmartin,US,2022-12-05,ujohnson@barry.com,4.3,30,11
307,gclay,AU,2022-03-20,brian64@hotmail.com,5.0,24,8
308,jasonjohnson,AU,2024-03-01,hendersonsteven@moore.com,4.2,48,37
309,gregory18,US,2024-10-14,tamara23@gmail.com,4.5,13,37
310,castroscott,US,2022-11-28,fsmith@yahoo.com,4.9,15,6
311,mcdowellmaria,US,2024-10-10,rodriguezshelley@gmail.com,4.9,4,49
312,koconnor,US,2024-08-24,nsmith@johnson.com,4.9,15,16
313,uvaughan,US,2024-01-07,trollins@hotmail.com,4.1,45,6
314,davidbradley,CA,2022-12-20,jenkinsangela@davis-scott.com,4.9,37,35
315,coreyrodriguez,CA,2022-10-11,thomasvictoria@yahoo.com,4.6,12,17
316,glove,UK,2022-01-08,nbooth@bradley.net,4.8,34,21
317,john79,UK,2022-05-20,john08@johnson.net,4.6,25,25
318,nathansimmons,US,2022-03-07,wardshannon@gmail.com,4.1,43,26
319,gwright,AU,2024-03-31,danny97@villarreal.org,4.2,8,14
320,timothymorgan,AU,2024-10-01,cynthiagriffith@hall.com,4.5,15,31
321,bwagner,US,2024-07-28,rogergray@yahoo.com,4.5,50,31
322,arellanomichael,CA,2022-04-27,jasmine74@yahoo.com,4.6,6,5
323,zhess,AU,2024-03-28,landerson@tran.com,4.1,50,49
324,kellermelanie,CA,2022-04-06,gunderwood@hotmail.com,4.9,42,24
325,crystalwilson,US,2024-10-15,marylopez@yahoo.com,4.5,14,19
326,sarahpowers,AU,2023-07-19,jasonroach@gmail.com,4.0,6,7
327,smithjeffrey,CA,2022-10-21,ishaw@gmail.com,4.0,36,9
328,jasmine08,UK,2022-12-25,alexanderdonna@gmail.com,5.0,8,39
329,kaylagregory,UK,2023-10-09,steven76@glover.org,4.4,43,19
330,kevingarcia,UK,2024-05-12,rachelhebert@scott.com,4.9,6,47
331,mccoypamela,AU,2023-12-25,sburton@yahoo.com,4.5,45,31
332,joneskerry,US,2023-08-30,harrisconnor@townsend.org,4.0,17,32
333,gabrielsmith,UK,2024-04-25,gmoore@cook.com,4.1,13,11
334,daniel58,US,2021-12-01,brett36@baldwin-white.biz,4.4,14,50
335,benjaminharris,AU,2024-06-02,perezgeorge@wolf-davis.com,4.5,43,1
336,vpollard,UK,2024-07-04,roseharris@hotmail.com,4.9,9,16
337,alexandrablackwell,AU,2024-04-15,othomas@gmail.com,5.0,7,46
338,williammartin,US,2024-11-06,patrick30@buck.com,4.8,41,28
339,david56,US,2022-07-24,juliemurray@bradford-gilbert.com,4.3,44,12
340,humphreyalexander,CA,2024-10-23,andreabishop@hotmail.com,5.0,49,23
341,ramseychristopher,US,2022-03-29,lnewman@sanchez.com,4.5,42,43
342,bnelson,CA,2022-02-21,lcarlson@herrera.com,4.4,13,7
343,rsmith,UK,2022-09-01,leejustin@york-davis.com,4.6,23,5
344,lucascaitlin,CA,2022-06-21,robertssydney@gmail.com,4.1,18,33
345,warrenlisa,US,2022-11-13,hannahtaylor@gmail.com,4.1,26,14
346,leemaria,CA,2023-11-13,jimmyhicks@hotmail.com,4.9,9,19
347,kelly15,AU,2022-09-20,williamsgary@gmail.com,4.3,1,44
348,donald03,AU,2024-09-19,iraymond@lynch.info,4.1,12,19
349,melissaharding,CA,2022-03-17,ghughes@yahoo.com,4.2,17,30
350,griffinrobert,AU,2022-06-13,petersjoseph@mitchell-waters.biz,4.2,47,6
351,fdodson,CA,2023-01-23,gwilliams@harris-cox.org,4.1,3,44
352,grahamdylan,UK,2022-01-19,andrewspatrick@young.biz,4.1,37,28
353,jonesmonica,UK,2024-06-04,johnsonjustin@gmail.com,4.9,3,22
354,victorsoto,US,2024-02-09,gonzalezbrad@kelley.com,4.5,32,49
355,jpowell,AU,2023-12-20,watsonamanda@gmail.com,4.7,2,12
356,andersenscott,US,2024-07-10,fosterwalter@yahoo.com,4.8,10,32
357,loverachel,CA,2022-10-01,brittany65@galvan.com,4.4,6,48
358,megan72,UK,2024-01-05,whitebrittney@johnson-obrien.com,4.2,17,34
359,lferguson,CA,2022-05-03,brownshawn@white.net,4.2,19,40
360,michaeladams,CA,2024-04-30,garciacharles@yahoo.com,4.7,44,28
361,hwatkins,CA,2023-03-21,kimberly32@gmail.com,4.7,10,26
362,dmartinez,UK,2021-11-11,jordanvelazquez@hotmail.com,4.8,8,27
363,ugarcia,US,2024-09-24,william04@gmail.com,5.0,40,48
364,tjones,US,2022-04-15,richardsbrian@gmail.com,4.3,13,32
365,mary93,CA,2023-01-05,petersendavid@yahoo.com,4.7,27,44
366,hgonzales,CA,2022-05-03,aaron30@gmail.com,4.3,27,21
367,tuckertiffany,AU,2022-05-13,traceykramer@lynch-snow.org,4.9,50,25
368,colebrent,CA,2022-11-22,montgomeryshannon@saunders.org,4.1,50,43
369,stephenlee,US,2022-01-13,sheppardnicole@gmail.com,4.4,37,35
370,louis63,CA,2024-01-30,turneranna@yahoo.com,4.5,40,21
371,john68,US,2022-03-15,elizabethstewart@larson-wilson.com,4.6,48,21
372,patriciafisher,AU,2024-04-09,john69@hotmail.com,4.1,50,5
373,uward,UK,2022-12-26,grimesalejandro@gmail.com,4.4,29,4
374,gregory35,AU,2023-05-29,terri64@carlson-burnett.com,4.9,13,41
375,adam08,US,2024-10-17,chawkins@gmail.com,4.5,50,24
376,susan63,UK,2022-07-28,frankjackson@johnson.com,4.7,42,18
377,tbrown,US,2022-06-25,kelleymark@yahoo.com,4.7,48,33
378,carloswilliams,CA,2022-01-03,donnahicks@lin.com,4.3,39,8
379,ojenkins,CA,2021-12-26,kara88@banks.com,4.6,20,48
380,janet20,CA,2023-11-29,xhays@jones-campos.com,4.3,14,13
381,charlesvasquez,CA,2023-12-21,iwest@yahoo.com,4.0,25,5
382,rachel26,AU,2022-03-27,cynthia37@hotmail.com,4.7,32,38
383,bsanchez,AU,2022-02-15,dparker@lamb.com,4.8,37,15
384,xsutton,UK,2024-08-13,andrea75@gmail.com,4.2,46,48
385,david43,UK,2024-07-16,elizabeth94@chambers-ward.net,4.1,24,21
386,juanjohnson,UK,2022-08-29,joneschristopher@gmail.com,4.8,31,37
387,nicholasstewart,UK,2024-01-13,dlester@valenzuela.com,4.9,7,36
388,alexahenderson,UK,2023-10-31,cookalexandra@sanchez-johnson.com,4.5,21,4
389,howens,CA,2024-04-08,nancystone@hall-strickland.com,4.4,20,46
390,mfisher,CA,2022-11-08,steve76@hotmail.com,4.9,3,35
391,kennethhamilton,US,2023-04-09,rcarr@yahoo.com,4.7,40,50
392,cmorris,AU,2024-03-19,uhoward@yahoo.com,4.7,10,11
393,qwilson,CA,2023-01-12,ashley33@hotmail.com,4.2,32,28
394,kristine74,CA,2022-10-07,rshepherd@yahoo.com,4.9,17,18
395,michaelboyer,UK,2023-08-17,mossrobert@hotmail.com,4.8,33,32
396,bobbyhendricks,UK,2022-01-23,andrew01@patterson-cantu.com,5.0,30,46
397,elizabeth33,CA,2022-02-14,paige60@gmail.com,4.4,35,16
398,lozanosonya,US,2023-07-31,cynthia68@yahoo.com,4.3,8,23
399,nancy99,AU,2024-02-04,thomasgabriel@hotmail.com,4.5,38,2
400,valerie18,UK,2022-04-29,kyle00@gmail.com,4.8,31,8
401,christian06,AU,2024-06-23,morsetheresa@gmail.com,4.5,20,13
402,chadestrada,UK,2024-05-01,zreid@weber-shannon.com,4.2,4,4
403,abryant,UK,2022-02-06,rachel26@gordon-barry.info,4.5,27,14
404,xsaunders,UK,2022-01-28,jenniferhogan@murphy.com,4.2,35,21
405,jacobsonrenee,AU,2022-07-30,georgegrant@hotmail.com,4.3,32,2
406,brenda96,UK,2023-04-01,sotokristine@moran.info,4.6,9,50
407,warnerrebecca,US,2023-05-20,dianalove@hotmail.com,4.3,22,1
408,dawn33,UK,2024-09-18,smithdavid@hotmail.com,4.8,25,12
409,lindseyjimmy,CA,2022-12-02,jessica83@hotmail.com,4.8,39,27
410,annsweeney,CA,2024-10-26,whitney45@houston.biz,4.9,21,42
411,henry55,US,2024-05-12,lgill@larson-lewis.net,4.0,38,34
412,desiree27,UK,2022-09-13,danielchristian@lowery-maynard.com,4.4,25,28
413,tcook,UK,2023-07-23,hoffmanmark@kemp.com,4.5,39,29
414,amy92,AU,2022-04-24,umartinez@king.com,4.8,21,26
415,cmoore,CA,2023-02-27,qmcmahon@jones.com,4.0,37,50
416,jaime99,US,2022-05-31,apennington@gmail.com,4.5,24,45
417,cwashington,US,2022-12-03,brittany52@gmail.com,4.1,46,3
418,dcarlson,CA,2022-05-24,zmartinez@lynch-peters.info,4.4,10,43
419,james22,CA,2022-04-07,cainjames@hotmail.com,4.0,38,42
420,awilson,US,2022-12-03,mcfarlandalicia@hotmail.com,4.6,42,7
421,vthomas,CA,2024-10-01,robert03@gmail.com,4.7,50,29
422,elizabethgilbert,US,2024-03-27,smithemily@escobar.biz,4.2,36,2
423,kelsey10,US,2022-11-23,maydawn@morales.com,4.5,26,27
424,fchang,CA,2024-01-21,james60@hotmail.com,4.9,34,7
425,clarkkrista,AU,2024-05-06,sonyapowell@hotmail.com,4.0,42,33
426,megan08,CA,2022-06-17,ubrooks@hotmail.com,5.0,35,30
427,jamesrodriguez,US,2024-04-07,ukoch@gmail.com,4.8,1,12
428,ayoung,AU,2023-08-03,keith64@hotmail.com,4.8,9,9
429,srobinson,CA,2022-05-05,bgeorge@lewis-gibson.net,4.1,20,30
430,judith88,AU,2022-04-09,petersmelissa@yahoo.com,4.1,30,41
431,deannalewis,US,2022-05-24,karlmitchell@burke.com,4.1,38,21
432,dcarter,US,2022-03-16,hatfieldmichael@oconnell-chan.com,4.9,30,7
433,bradley31,UK,2021-11-17,amandagraves@yahoo.com,4.6,35,36
434,keith51,AU,2023-09-14,kimberly94@gmail.com,4.3,6,39
435,krodriguez,CA,2022-10-14,burkekevin@thompson.com,4.6,49,28
436,frankfrancisco,AU,2023-11-17,jaime54@hotmail.com,5.0,49,14
437,uwatson,US,2024-06-02,diazlaura@carter.info,4.4,6,39
438,awatson,AU,2022-02-15,parksmelissa@weber-ward.com,5.0,45,19
439,timothywilson,US,2024-08-28,lindsay61@jennings.com,4.3,3,36
440,zbullock,CA,2023-10-01,jbailey@gmail.com,4.9,47,24
441,pageeric,CA,2022-10-26,megan93@gmail.com,4.7,16,21
442,frazierjulian,UK,2022-05-14,jennifer45@lewis-ferguson.biz,4.6,47,18
443,hannaelizabeth,UK,2024-07-24,eric14@yahoo.com,4.7,43,48
444,gtaylor,AU,2024-01-18,jesus78@perez.info,4.3,8,16
445,tweaver,UK,2023-05-15,joshua15@hotmail.com,4.7,16,28
446,ycamacho,UK,2023-03-01,michele38@hotmail.com,5.0,16,6
447,gallaghermary,UK,2024-02-29,iscott@hotmail.com,4.8,23,41
448,goodderrick,US,2022-01-15,elizabethflores@gmail.com,4.1,47,31
449,orrmatthew,US,2023-02-17,melinda75@hotmail.com,4.7,33,3
450,juliethomas,AU,2023-07-05,isandoval@hotmail.com,4.8,5,21
451,jennifer60,CA,2024-09-05,nicholseric@hooper.net,4.1,1,2
452,watsoncourtney,US,2024-05-22,lisa97@hotmail.com,4.1,27,26
453,patrickadams,UK,2024-04-07,christopheranderson@yahoo.com,4.3,40,49
454,ngreene,US,2023-10-30,akim@allen-schultz.com,4.2,32,42
455,melinda95,CA,2022-03-06,lthomas@gmail.com,4.3,34,11
456,munozdeborah,CA,2022-10-18,michaelmcmillan@hotmail.com,4.6,3,45
457,jacqueline65,US,2022-05-01,marypratt@pruitt.com,4.9,15,1
458,oguerra,US,2024-03-13,hreyes@hotmail.com,4.6,25,36
459,christina44,US,2024-10-24,diane99@chapman.com,4.7,12,43
460,joseph57,AU,2023-10-25,joshua09@miller.com,4.8,43,21
461,brownchristopher,US,2023-02-22,daniel68@gmail.com,4.2,32,14
462,andrew70,AU,2023-03-02,csimmons@summers-lynch.com,4.9,30,26
463,matthew75,UK,2023-05-06,samantha85@taylor-collins.net,4.0,4,22
464,chandlertracy,US,2023-06-03,brittney83@sanders.net,4.3,17,28
465,vincentmiller,CA,2022-06-18,maciasrandall@avery.biz,4.9,11,32
466,derekmorgan,AU,2022-03-26,sarah83@zuniga-nelson.com,4.1,22,4
467,kellyryan,AU,2023-06-01,thomasstevens@gmail.com,4.0,15,49
468,mcclainmichelle,UK,2024-07-30,shermaneric@campbell.com,4.5,40,1
469,tberg,UK,2023-10-15,samanthaestrada@nicholson.org,4.8,20,1
470,jamesreyes,UK,2023-05-14,sotodavid@smith.com,4.9,38,5
471,mgonzalez,CA,2024-08-14,kimberly12@ochoa.com,4.2,27,18
472,kevincamacho,US,2023-07-09,carl95@hotmail.com,4.5,46,29
473,ericksonmeredith,CA,2023-03-09,amandakelly@curtis.com,5.0,21,22
474,barberconnie,US,2024-06-16,kaguirre@johnson.biz,4.5,49,41
475,mark17,US,2022-08-12,sean69@yahoo.com,4.1,30,45
476,evelyn94,UK,2022-08-26,trogers@hoover.com,4.5,41,9
477,jensenjames,UK,2023-01-08,adamkennedy@gmail.com,4.2,40,36
478,fbrown,US,2023-05-16,foxtina@gmail.com,4.9,3,24
479,tmccarty,AU,2024-08-10,jmccoy@good-wiley.net,4.7,30,16
480,agalloway,US,2022-09-19,stephenzhang@elliott.com,4.6,31,39
481,sandra52,UK,2024-09-17,williamskristin@gmail.com,4.3,12,8
482,angelasanders,AU,2021-11-29,riverabrent@yahoo.com,4.5,49,4
483,lopezvalerie,US,2022-12-02,richardsrobert@berry.com,4.3,6,43
484,scottgonzalez,CA,2021-12-15,jacquelinemoore@herrera.net,4.8,9,9
485,michelle20,CA,2022-04-14,teresa30@gmail.com,5.0,44,18
486,reyesjustin,US,2023-06-29,ijohnson@sherman.com,4.3,13,32
487,hsmith,UK,2024-09-23,kevin50@moody-olson.com,4.4,39,4
488,nicole99,CA,2023-07-01,charleswalsh@smith.com,4.9,25,22
489,andrew13,AU,2022-11-20,elizabethcastro@hotmail.com,4.3,3,41
490,matthewscindy,AU,2024-01-20,thood@yahoo.com,4.8,2,34
491,ychapman,CA,2024-02-27,jessicahernandez@yahoo.com,4.8,42,35
492,tiffany15,UK,2023-06-27,yrivera@mcdonald.com,4.7,14,16
493,joseph98,US,2024-06-24,smcknight@hotmail.com,4.3,31,5
494,derrick63,CA,2023-04-20,qcunningham@gmail.com,4.8,9,4
495,marissamontgomery,AU,2024-08-10,jonesshirley@humphrey.com,4.5,25,27
496,ocarroll,UK,2024-06-08,melendezbrandon@yahoo.com,5.0,31,2
497,alexdavis,AU,2023-11-30,barbaragomez@griffin.info,4.8,30,5
498,xclark,US,2023-09-04,william58@yahoo.com,4.8,26,42
499,karlawatkins,CA,2022-04-15,charlesthomas@yahoo.com,4.6,16,16
500,zsullivan,US,2022-03-06,ericcameron@garner-campbell.com,4.9,29,50
